date,area,area_type,population,cases,cumulative_cases,deaths,cumulative_deaths,total_tests,cumulative_total_tests,positive_tests,cumulative_positive_tests,reported_cases,cumulative_reported_cases,reported_deaths,cumulative_reported_deaths,reported_tests
2022-01-01,San Diego,County,3370418.0,3215.0,473110.0,6.0,4533.0,11373.0,8984811,3118.0,558099,0.0,427087.0,0.0,4469.0,
2022-01-02,San Diego,County,3370418.0,5935.0,479045.0,6.0,4539.0,24636.0,9009447,6423.0,564522,0.0,427087.0,0.0,4469.0,
2022-01-03,San Diego,County,3370418.0,15033.0,494078.0,5.0,4544.0,60438.0,9069885,15804.0,580326,24067.0,451154.0,7.0,4476.0,111876.0
2022-01-04,San Diego,County,3370418.0,16120.0,510198.0,5.0,4549.0,63823.0,9133708,18113.0,598439,7345.0,458499.0,11.0,4487.0,19032.0
2022-01-05,San Diego,County,3370418.0,16361.0,526559.0,7.0,4556.0,62092.0,9195800,18036.0,616475,8103.0,466602.0,8.0,4495.0,30507.0
2022-01-06,San Diego,County,3370418.0,13603.0,540162.0,8.0,4564.0,54337.0,9250137,14990.0,631465,5671.0,472273.0,0.0,4495.0,40154.0
2022-01-07,San Diego,County,3370418.0,11646.0,551808.0,8.0,4572.0,48802.0,9298939,13218.0,644683,0.0,472273.0,0.0,4495.0,
2022-01-08,San Diego,County,3370418.0,7128.0,558936.0,8.0,4580.0,29230.0,9328169,8941.0,653624,0.0,472273.0,0.0,4495.0,
2022-01-09,San Diego,County,3370418.0,4904.0,563840.0,6.0,4586.0,19004.0,9347173,5503.0,659127,5933.0,478206.0,5.0,4500.0,141624.0
2022-01-10,San Diego,County,3370418.0,13156.0,576996.0,20.0,4606.0,52681.0,9399854,14009.0,673136,52300.0,530506.0,0.0,4500.0,42369.0
2022-01-11,San Diego,County,3370418.0,12702.0,589698.0,11.0,4617.0,55082.0,9454936,15258.0,688394,6448.0,536954.0,20.0,4520.0,36875.0
2022-01-12,San Diego,County,3370418.0,12008.0,601706.0,14.0,4631.0,50141.0,9505077,13584.0,701978,14715.0,551669.0,9.0,4529.0,46653.0
2022-01-13,San Diego,County,3370418.0,10506.0,612212.0,10.0,4641.0,48545.0,9553622,12379.0,714357,7716.0,559385.0,11.0,4540.0,53822.0
2022-01-14,San Diego,County,3370418.0,8520.0,620732.0,18.0,4659.0,38224.0,9591846,10141.0,724498,0.0,559385.0,0.0,4540.0,
2022-01-15,San Diego,County,3370418.0,5653.0,626385.0,12.0,4671.0,23225.0,9615071,6684.0,731182,0.0,559385.0,0.0,4540.0,
2022-01-16,San Diego,County,3370418.0,3790.0,630175.0,20.0,4691.0,16584.0,9631655,4525.0,735707,9856.0,569241.0,5.0,4545.0,130231.0
2022-01-17,San Diego,County,3370418.0,7588.0,637763.0,12.0,4703.0,34036.0,9665691,9118.0,744825,0.0,569241.0,0.0,4545.0,29087.0
2022-01-18,San Diego,County,3370418.0,12219.0,649982.0,16.0,4719.0,51226.0,9716917,13754.0,758579,35896.0,605137.0,2.0,4547.0,27763.0
2022-01-19,San Diego,County,3370418.0,10205.0,660187.0,16.0,4735.0,45802.0,9762719,11676.0,770255,9572.0,614709.0,6.0,4553.0,38201.0
2022-01-20,San Diego,County,3370418.0,8779.0,668966.0,22.0,4757.0,42798.0,9805517,10245.0,780500,14195.0,628904.0,6.0,4559.0,58536.0
2022-01-21,San Diego,County,3370418.0,7102.0,676068.0,15.0,4772.0,35577.0,9841094,8784.0,789284,0.0,628904.0,0.0,4559.0,
2022-01-22,San Diego,County,3370418.0,4168.0,680236.0,15.0,4787.0,21058.0,9862152,5560.0,794844,0.0,628904.0,0.0,4559.0,
2022-01-23,San Diego,County,3370418.0,2491.0,682727.0,22.0,4809.0,13398.0,9875550,3381.0,798225,11311.0,640215.0,7.0,4566.0,136338.0
2022-01-24,San Diego,County,3370418.0,6614.0,689341.0,15.0,4824.0,42125.0,9917675,8587.0,806812,23365.0,663580.0,20.0,4586.0,23748.0
2022-01-25,San Diego,County,3370418.0,5659.0,695000.0,19.0,4843.0,35645.0,9953320,7457.0,814269,6530.0,670110.0,18.0,4604.0,26195.0
2022-01-26,San Diego,County,3370418.0,4997.0,699997.0,15.0,4858.0,33030.0,9986350,6505.0,820774,6282.0,676392.0,18.0,4622.0,32978.0
2022-01-27,San Diego,County,3370418.0,4223.0,704220.0,19.0,4877.0,31212.0,10017562,5392.0,826166,6635.0,683027.0,21.0,4643.0,44218.0
2022-01-28,San Diego,County,3370418.0,3348.0,707568.0,14.0,4891.0,24444.0,10042006,4550.0,830716,0.0,683027.0,0.0,4643.0,
2022-01-29,San Diego,County,3370418.0,1825.0,709393.0,13.0,4904.0,13389.0,10055395,2651.0,833367,0.0,683027.0,0.0,4643.0,
2022-01-30,San Diego,County,3370418.0,1333.0,710726.0,10.0,4914.0,9650.0,10065045,1670.0,835037,4118.0,687145.0,22.0,4665.0,126481.0
2022-01-31,San Diego,County,3370418.0,3543.0,714269.0,14.0,4928.0,33982.0,10099027,4638.0,839675,11426.0,698571.0,21.0,4686.0,17107.0
2022-02-01,San Diego,County,3370418.0,2909.0,717178.0,20.0,4948.0,29123.0,10128150,4019.0,843694,2438.0,701009.0,24.0,4710.0,17781.0
2022-02-02,San Diego,County,3370418.0,2521.0,719699.0,12.0,4960.0,25775.0,10153925,3349.0,847043,2948.0,703957.0,25.0,4735.0,23519.0
2022-02-03,San Diego,County,3370418.0,2203.0,721902.0,15.0,4975.0,26775.0,10180700,2970.0,850013,0.0,703957.0,0.0,4735.0,32338.0
2022-02-04,San Diego,County,3370418.0,1973.0,723875.0,19.0,4994.0,22219.0,10202919,2756.0,852769,0.0,703957.0,0.0,4735.0,
2022-02-05,San Diego,County,3370418.0,1135.0,725010.0,18.0,5012.0,10714.0,10213633,1659.0,854428,0.0,703957.0,0.0,4735.0,
2022-02-06,San Diego,County,3370418.0,860.0,725870.0,17.0,5029.0,8070.0,10221703,1071.0,855499,5981.0,709938.0,51.0,4786.0,70033.0
2022-02-07,San Diego,County,3370418.0,2061.0,727931.0,15.0,5044.0,29172.0,10250875,2817.0,858316,6306.0,716244.0,25.0,4811.0,10181.0
2022-02-08,San Diego,County,3370418.0,1720.0,729651.0,15.0,5059.0,24845.0,10275720,2241.0,860557,1652.0,717896.0,21.0,4832.0,14412.0
2022-02-09,San Diego,County,3370418.0,1573.0,731224.0,13.0,5072.0,20997.0,10296717,1937.0,862494,0.0,717896.0,0.0,4832.0,21999.0
2022-02-10,San Diego,County,3370418.0,1356.0,732580.0,12.0,5084.0,21712.0,10318429,1752.0,864246,2391.0,720287.0,22.0,4854.0,28375.0
2022-02-11,San Diego,County,3370418.0,1109.0,733689.0,13.0,5097.0,18363.0,10336792,1610.0,865856,0.0,720287.0,0.0,4854.0,
2022-02-12,San Diego,County,3370418.0,703.0,734392.0,11.0,5108.0,9194.0,10345986,1028.0,866884,0.0,720287.0,0.0,4854.0,
2022-02-13,San Diego,County,3370418.0,499.0,734891.0,12.0,5120.0,6585.0,10352571,661.0,867545,3615.0,723902.0,40.0,4894.0,52775.0
2022-02-14,San Diego,County,3370418.0,1139.0,736030.0,10.0,5130.0,24338.0,10376909,1587.0,869132,0.0,723902.0,0.0,4894.0,19092.0
2022-02-15,San Diego,County,3370418.0,968.0,736998.0,14.0,5144.0,21099.0,10398008,1334.0,870466,3584.0,727486.0,20.0,4914.0,12516.0
2022-02-16,San Diego,County,3370418.0,962.0,737960.0,10.0,5154.0,19906.0,10417914,1304.0,871770,1124.0,728610.0,17.0,4931.0,16875.0
2022-02-17,San Diego,County,3370418.0,760.0,738720.0,8.0,5162.0,18292.0,10436206,1053.0,872823,939.0,729549.0,16.0,4947.0,21409.0
2022-02-18,San Diego,County,3370418.0,596.0,739316.0,8.0,5170.0,13625.0,10449831,867.0,873690,0.0,729549.0,0.0,4947.0,
2022-02-19,San Diego,County,3370418.0,424.0,739740.0,7.0,5177.0,7288.0,10457119,592.0,874282,0.0,729549.0,0.0,4947.0,
2022-02-20,San Diego,County,3370418.0,346.0,740086.0,9.0,5186.0,5913.0,10463032,473.0,874755,0.0,729549.0,0.0,4947.0,
2022-02-21,San Diego,County,3370418.0,572.0,740658.0,6.0,5192.0,14401.0,10477433,739.0,875494,2749.0,732298.0,27.0,4974.0,63868.0
2022-02-22,San Diego,County,3370418.0,618.0,741276.0,7.0,5199.0,20174.0,10497607,922.0,876416,2238.0,734536.0,0.0,4974.0,9309.0
2022-02-23,San Diego,County,3370418.0,526.0,741802.0,3.0,5202.0,17085.0,10514692,743.0,877159,870.0,735406.0,14.0,4988.0,10626.0
2022-02-24,San Diego,County,3370418.0,504.0,742306.0,4.0,5206.0,15986.0,10530678,735.0,877894,643.0,736049.0,14.0,5002.0,19875.0
2022-02-25,San Diego,County,3370418.0,413.0,742719.0,4.0,5210.0,13325.0,10544003,594.0,878488,0.0,736049.0,0.0,5002.0,
2022-02-26,San Diego,County,3370418.0,282.0,743001.0,9.0,5219.0,7022.0,10551025,408.0,878896,0.0,736049.0,0.0,5002.0,
2022-02-27,San Diego,County,3370418.0,223.0,743224.0,2.0,5221.0,5690.0,10556715,321.0,879217,1711.0,737760.0,16.0,5018.0,47900.0
2022-02-28,San Diego,County,3370418.0,473.0,743697.0,7.0,5228.0,20667.0,10577382,699.0,879916,0.0,737760.0,0.0,5018.0,7718.0
2022-03-01,San Diego,County,3370418.0,388.0,744085.0,4.0,5232.0,18961.0,10596343,618.0,880534,1376.0,739136.0,11.0,5029.0,9806.0
2022-03-02,San Diego,County,3370418.0,427.0,744512.0,5.0,5237.0,16242.0,10612585,596.0,881130,667.0,739803.0,5.0,5034.0,15998.0
2022-03-03,San Diego,County,3370418.0,360.0,744872.0,3.0,5240.0,14764.0,10627349,465.0,881595,944.0,740747.0,11.0,5045.0,20308.0
2022-03-04,San Diego,County,3370418.0,344.0,745216.0,6.0,5246.0,13799.0,10641148,461.0,882056,0.0,740747.0,0.0,5045.0,
2022-03-05,San Diego,County,3370418.0,239.0,745455.0,5.0,5251.0,6669.0,10647817,299.0,882355,0.0,740747.0,0.0,5045.0,
2022-03-06,San Diego,County,3370418.0,190.0,745645.0,5.0,5256.0,5248.0,10653065,255.0,882610,1540.0,742287.0,23.0,5068.0,
2022-03-07,San Diego,County,3370418.0,395.0,746040.0,2.0,5258.0,20866.0,10673931,536.0,883146,0.0,742287.0,0.0,5068.0,54371.0
2022-03-08,San Diego,County,3370418.0,342.0,746382.0,1.0,5259.0,20015.0,10693946,438.0,883584,1317.0,743604.0,9.0,5077.0,7828.0
2022-03-09,San Diego,County,3370418.0,344.0,746726.0,4.0,5263.0,17282.0,10711228,428.0,884012,352.0,743956.0,6.0,5083.0,16247.0
2022-03-10,San Diego,County,3370418.0,271.0,746997.0,4.0,5267.0,14096.0,10725324,359.0,884371,430.0,744386.0,7.0,5090.0,20094.0
2022-03-11,San Diego,County,3370418.0,256.0,747253.0,2.0,5269.0,12988.0,10738312,340.0,884711,0.0,744386.0,0.0,5090.0,
2022-03-12,San Diego,County,3370418.0,166.0,747419.0,2.0,5271.0,6300.0,10744612,218.0,884929,0.0,744386.0,0.0,5090.0,
2022-03-13,San Diego,County,3370418.0,122.0,747541.0,2.0,5273.0,5216.0,10749828,171.0,885100,1129.0,745515.0,18.0,5108.0,50324.0
2022-03-14,San Diego,County,3370418.0,342.0,747883.0,1.0,5274.0,20011.0,10769839,453.0,885553,0.0,745515.0,0.0,5108.0,6580.0
2022-03-15,San Diego,County,3370418.0,303.0,748186.0,1.0,5275.0,16947.0,10786786,397.0,885950,959.0,746474.0,8.0,5116.0,9547.0
2022-03-16,San Diego,County,3370418.0,244.0,748430.0,2.0,5277.0,15225.0,10802011,319.0,886269,496.0,746970.0,10.0,5126.0,12053.0
2022-03-17,San Diego,County,3370418.0,205.0,748635.0,4.0,5281.0,12989.0,10815000,279.0,886548,374.0,747344.0,7.0,5133.0,26717.0
2022-03-18,San Diego,County,3370418.0,176.0,748811.0,2.0,5283.0,12378.0,10827378,245.0,886793,0.0,747344.0,0.0,5133.0,
2022-03-19,San Diego,County,3370418.0,108.0,748919.0,1.0,5284.0,5564.0,10832942,171.0,886964,0.0,747344.0,0.0,5133.0,
2022-03-20,San Diego,County,3370418.0,100.0,749019.0,1.0,5285.0,4760.0,10837702,136.0,887100,1489.0,748833.0,5.0,5138.0,38432.0
2022-03-21,San Diego,County,3370418.0,236.0,749255.0,2.0,5287.0,16613.0,10854315,354.0,887454,0.0,748833.0,0.0,5138.0,5709.0
2022-03-22,San Diego,County,3370418.0,224.0,749479.0,2.0,5289.0,13602.0,10867917,282.0,887736,814.0,749647.0,3.0,5141.0,11527.0
2022-03-23,San Diego,County,3370418.0,200.0,749679.0,0.0,5289.0,12757.0,10880674,261.0,887997,224.0,749871.0,2.0,5143.0,11092.0
2022-03-24,San Diego,County,3370418.0,194.0,749873.0,2.0,5291.0,10875.0,10891549,267.0,888264,299.0,750170.0,3.0,5146.0,14826.0
2022-03-25,San Diego,County,3370418.0,209.0,750082.0,3.0,5294.0,10193.0,10901742,268.0,888532,0.0,750170.0,0.0,5146.0,
2022-03-26,San Diego,County,3370418.0,122.0,750204.0,0.0,5294.0,5246.0,10906988,155.0,888687,0.0,750170.0,0.0,5146.0,
2022-03-27,San Diego,County,3370418.0,124.0,750328.0,0.0,5294.0,5236.0,10912224,153.0,888840,489.0,750659.0,9.0,5155.0,31845.0
2022-03-28,San Diego,County,3370418.0,255.0,750583.0,1.0,5295.0,14121.0,10926345,306.0,889146,0.0,750659.0,0.0,5155.0,2427.0
2022-03-29,San Diego,County,3370418.0,240.0,750823.0,1.0,5296.0,11667.0,10938012,283.0,889429,581.0,751240.0,4.0,5159.0,13825.0
2022-03-30,San Diego,County,3370418.0,244.0,751067.0,1.0,5297.0,11455.0,10949467,290.0,889719,444.0,751684.0,10.0,5169.0,9494.0
2022-03-31,San Diego,County,3370418.0,232.0,751299.0,0.0,5297.0,8481.0,10957948,252.0,889971,597.0,752281.0,9.0,5178.0,14406.0
2022-04-01,San Diego,County,3370418.0,236.0,751535.0,0.0,5297.0,10083.0,10968031,287.0,890258,0.0,752281.0,0.0,5178.0,
2022-04-02,San Diego,County,3370418.0,148.0,751683.0,1.0,5298.0,4955.0,10972986,172.0,890430,0.0,752281.0,0.0,5178.0,
2022-04-03,San Diego,County,3370418.0,125.0,751808.0,2.0,5300.0,4310.0,10977296,131.0,890561,0.0,752281.0,0.0,5178.0,
2022-04-04,San Diego,County,3370418.0,331.0,752139.0,1.0,5301.0,15618.0,10992914,370.0,890931,1121.0,753402.0,14.0,5192.0,35673.0
2022-04-05,San Diego,County,3370418.0,319.0,752458.0,3.0,5304.0,13240.0,11006154,361.0,891292,0.0,753402.0,0.0,5192.0,
2022-04-06,San Diego,County,3370418.0,308.0,752766.0,1.0,5305.0,12647.0,11018801,337.0,891629,0.0,753402.0,0.0,5192.0,
2022-04-07,San Diego,County,3370418.0,295.0,753061.0,0.0,5305.0,11465.0,11030266,345.0,891974,879.0,754281.0,18.0,5210.0,31457.0
2022-04-08,San Diego,County,3370418.0,267.0,753328.0,0.0,5305.0,11133.0,11041399,277.0,892251,0.0,754281.0,0.0,5210.0,
2022-04-09,San Diego,County,3370418.0,170.0,753498.0,0.0,5305.0,5355.0,11046754,184.0,892435,0.0,754281.0,0.0,5210.0,
2022-04-10,San Diego,County,3370418.0,148.0,753646.0,0.0,5305.0,4832.0,11051586,175.0,892610,0.0,754281.0,0.0,5210.0,
2022-04-11,San Diego,County,3370418.0,326.0,753972.0,0.0,5305.0,15325.0,11066911,344.0,892954,0.0,754281.0,0.0,5210.0,
2022-04-12,San Diego,County,3370418.0,327.0,754299.0,1.0,5306.0,12837.0,11079748,355.0,893309,1303.0,755584.0,13.0,5223.0,
2022-04-13,San Diego,County,3370418.0,333.0,754632.0,3.0,5309.0,12057.0,11091805,371.0,893680,0.0,755584.0,0.0,5223.0,50533.0
2022-04-14,San Diego,County,3370418.0,286.0,754918.0,2.0,5311.0,9211.0,11101016,308.0,893988,581.0,756165.0,6.0,5229.0,26360.0
2022-04-15,San Diego,County,3370418.0,278.0,755196.0,2.0,5313.0,9362.0,11110378,323.0,894311,0.0,756165.0,0.0,5229.0,
2022-04-16,San Diego,County,3370418.0,191.0,755387.0,0.0,5313.0,4879.0,11115257,231.0,894542,0.0,756165.0,0.0,5229.0,
2022-04-17,San Diego,County,3370418.0,147.0,755534.0,0.0,5313.0,3160.0,11118417,160.0,894702,0.0,756165.0,0.0,5229.0,
2022-04-18,San Diego,County,3370418.0,491.0,756025.0,1.0,5314.0,15535.0,11133952,509.0,895211,973.0,757138.0,2.0,5231.0,38167.0
2022-04-19,San Diego,County,3370418.0,469.0,756494.0,3.0,5317.0,13166.0,11147118,482.0,895693,0.0,757138.0,0.0,5231.0,
2022-04-20,San Diego,County,3370418.0,464.0,756958.0,0.0,5317.0,12269.0,11159387,498.0,896191,0.0,757138.0,0.0,5231.0,
2022-04-21,San Diego,County,3370418.0,444.0,757402.0,0.0,5317.0,11894.0,11171281,460.0,896651,1173.0,758311.0,2.0,5233.0,31170.0
2022-04-22,San Diego,County,3370418.0,425.0,757827.0,0.0,5317.0,11206.0,11182487,484.0,897135,0.0,758311.0,0.0,5233.0,
2022-04-23,San Diego,County,3370418.0,320.0,758147.0,0.0,5317.0,5199.0,11187686,352.0,897487,0.0,758311.0,0.0,5233.0,
2022-04-24,San Diego,County,3370418.0,262.0,758409.0,1.0,5318.0,4550.0,11192236,294.0,897781,0.0,758311.0,0.0,5233.0,
2022-04-25,San Diego,County,3370418.0,631.0,759040.0,1.0,5319.0,15991.0,11208227,661.0,898442,1562.0,759873.0,3.0,5236.0,42249.0
2022-04-26,San Diego,County,3370418.0,680.0,759720.0,0.0,5319.0,12959.0,11221186,666.0,899108,0.0,759873.0,0.0,5236.0,
2022-04-27,San Diego,County,3370418.0,659.0,760379.0,0.0,5319.0,12255.0,11233441,605.0,899713,0.0,759873.0,0.0,5236.0,
2022-04-28,San Diego,County,3370418.0,572.0,760951.0,0.0,5319.0,10310.0,11243751,596.0,900309,1380.0,761253.0,2.0,5238.0,33125.0
2022-04-29,San Diego,County,3370418.0,542.0,761493.0,0.0,5319.0,10161.0,11253912,577.0,900886,0.0,761253.0,0.0,5238.0,
2022-04-30,San Diego,County,3370418.0,419.0,761912.0,2.0,5321.0,5248.0,11259160,435.0,901321,0.0,761253.0,0.0,5238.0,
2022-05-01,San Diego,County,3370418.0,374.0,762286.0,0.0,5321.0,4405.0,11263565,396.0,901717,0.0,761253.0,0.0,5238.0,
2022-05-02,San Diego,County,3370418.0,881.0,763167.0,1.0,5322.0,17545.0,11281110,898.0,902615,2200.0,763453.0,1.0,5239.0,38854.0
2022-05-03,San Diego,County,3370418.0,865.0,764032.0,0.0,5322.0,15907.0,11297017,910.0,903525,0.0,763453.0,0.0,5239.0,
2022-05-04,San Diego,County,3370418.0,843.0,764875.0,1.0,5323.0,15837.0,11312854,866.0,904391,0.0,763453.0,0.0,5239.0,
2022-05-05,San Diego,County,3370418.0,748.0,765623.0,0.0,5323.0,14174.0,11327028,781.0,905172,1924.0,765377.0,5.0,5244.0,36226.0
2022-05-06,San Diego,County,3370418.0,741.0,766364.0,1.0,5324.0,12187.0,11339215,848.0,906020,0.0,765377.0,0.0,5244.0,
2022-05-07,San Diego,County,3370418.0,510.0,766874.0,0.0,5324.0,5757.0,11344972,535.0,906555,0.0,765377.0,0.0,5244.0,
2022-05-08,San Diego,County,3370418.0,485.0,767359.0,0.0,5324.0,5137.0,11350109,530.0,907085,0.0,765377.0,0.0,5244.0,
2022-05-09,San Diego,County,3370418.0,1026.0,768385.0,0.0,5324.0,18062.0,11368171,1099.0,908184,2758.0,768135.0,13.0,5257.0,47887.0
2022-05-10,San Diego,County,3370418.0,978.0,769363.0,1.0,5325.0,16743.0,11384914,1046.0,909230,0.0,768135.0,0.0,5257.0,
2022-05-11,San Diego,County,3370418.0,1020.0,770383.0,0.0,5325.0,17087.0,11402001,1059.0,910289,0.0,768135.0,0.0,5257.0,
2022-05-12,San Diego,County,3370418.0,982.0,771365.0,0.0,5325.0,14994.0,11416995,1035.0,911324,2188.0,770323.0,14.0,5271.0,19681.0
2022-05-13,San Diego,County,3370418.0,954.0,772319.0,1.0,5326.0,13512.0,11430507,1039.0,912363,0.0,770323.0,0.0,5271.0,
2022-05-14,San Diego,County,3370418.0,639.0,772958.0,0.0,5326.0,6398.0,11436905,672.0,913035,0.0,770323.0,0.0,5271.0,
2022-05-15,San Diego,County,3370418.0,597.0,773555.0,3.0,5329.0,6006.0,11442911,668.0,913703,0.0,770323.0,0.0,5271.0,
2022-05-16,San Diego,County,3370418.0,1501.0,775056.0,0.0,5329.0,20002.0,11462913,1602.0,915305,3611.0,773934.0,6.0,5277.0,68209.0
2022-05-17,San Diego,County,3370418.0,1537.0,776593.0,0.0,5329.0,19107.0,11482020,1541.0,916846,0.0,773934.0,0.0,5277.0,
2022-05-18,San Diego,County,3370418.0,1508.0,778101.0,0.0,5329.0,18711.0,11500731,1590.0,918436,0.0,773934.0,0.0,5277.0,
2022-05-19,San Diego,County,3370418.0,1436.0,779537.0,0.0,5329.0,16913.0,11517644,1524.0,919960,3470.0,777404.0,5.0,5282.0,45017.0
2022-05-20,San Diego,County,3370418.0,1234.0,780771.0,1.0,5330.0,14700.0,11532344,1346.0,921306,0.0,777404.0,0.0,5282.0,
2022-05-21,San Diego,County,3370418.0,795.0,781566.0,1.0,5331.0,6668.0,11539012,916.0,922222,0.0,777404.0,0.0,5282.0,
2022-05-22,San Diego,County,3370418.0,694.0,782260.0,0.0,5331.0,6103.0,11545115,782.0,923004,0.0,777404.0,0.0,5282.0,
2022-05-23,San Diego,County,3370418.0,1618.0,783878.0,2.0,5333.0,21003.0,11566118,1768.0,924772,5016.0,782420.0,2.0,5284.0,59626.0
2022-05-24,San Diego,County,3370418.0,1721.0,785599.0,1.0,5334.0,19927.0,11586045,1829.0,926601,0.0,782420.0,0.0,5284.0,
2022-05-25,San Diego,County,3370418.0,1649.0,787248.0,2.0,5336.0,17823.0,11603868,1803.0,928404,0.0,782420.0,0.0,5284.0,
2022-05-26,San Diego,County,3370418.0,1462.0,788710.0,0.0,5336.0,15720.0,11619588,1618.0,930022,3823.0,786243.0,4.0,5288.0,44807.0
2022-05-27,San Diego,County,3370418.0,1303.0,790013.0,1.0,5337.0,13398.0,11632986,1461.0,931483,0.0,786243.0,0.0,5288.0,
2022-05-28,San Diego,County,3370418.0,875.0,790888.0,1.0,5338.0,6502.0,11639488,942.0,932425,0.0,786243.0,0.0,5288.0,
2022-05-29,San Diego,County,3370418.0,661.0,791549.0,3.0,5341.0,4859.0,11644347,730.0,933155,0.0,786243.0,0.0,5288.0,
2022-05-30,San Diego,County,3370418.0,740.0,792289.0,0.0,5341.0,7569.0,11651916,770.0,933925,5314.0,791557.0,4.0,5292.0,54541.0
2022-05-31,San Diego,County,3370418.0,2285.0,794574.0,1.0,5342.0,23241.0,11675157,2450.0,936375,0.0,791557.0,0.0,5292.0,-2.0
2022-06-01,San Diego,County,3370418.0,1884.0,796458.0,1.0,5343.0,18013.0,11693170,2011.0,938386,0.0,791557.0,0.0,5292.0,
2022-06-02,San Diego,County,3370418.0,1695.0,798153.0,0.0,5343.0,15897.0,11709067,1865.0,940251,3265.0,794822.0,11.0,5303.0,33142.0
2022-06-03,San Diego,County,3370418.0,1370.0,799523.0,0.0,5343.0,13719.0,11722786,1552.0,941803,0.0,794822.0,0.0,5303.0,
2022-06-04,San Diego,County,3370418.0,950.0,800473.0,0.0,5343.0,7162.0,11729948,1091.0,942894,0.0,794822.0,0.0,5303.0,
2022-06-05,San Diego,County,3370418.0,724.0,801197.0,3.0,5346.0,5696.0,11735644,831.0,943725,0.0,794822.0,0.0,5303.0,
2022-06-06,San Diego,County,3370418.0,1903.0,803100.0,3.0,5349.0,16650.0,11752294,2021.0,945746,6018.0,800840.0,5.0,5308.0,55456.0
2022-06-07,San Diego,County,3370418.0,1785.0,804885.0,0.0,5349.0,16433.0,11768727,1971.0,947717,0.0,800840.0,0.0,5308.0,
2022-06-08,San Diego,County,3370418.0,1580.0,806465.0,1.0,5350.0,14440.0,11783167,1780.0,949497,0.0,800840.0,0.0,5308.0,
2022-06-09,San Diego,County,3370418.0,1489.0,807954.0,2.0,5352.0,13524.0,11796691,1682.0,951179,4520.0,805360.0,7.0,5315.0,42320.0
2022-06-10,San Diego,County,3370418.0,1409.0,809363.0,0.0,5352.0,11942.0,11808633,1600.0,952779,0.0,805360.0,0.0,5315.0,
2022-06-11,San Diego,County,3370418.0,914.0,810277.0,4.0,5356.0,6983.0,11815616,1044.0,953823,0.0,805360.0,0.0,5315.0,
2022-06-12,San Diego,County,3370418.0,703.0,810980.0,1.0,5357.0,5575.0,11821191,809.0,954632,0.0,805360.0,0.0,5315.0,
2022-06-13,San Diego,County,3370418.0,1724.0,812704.0,0.0,5357.0,15826.0,11837017,1816.0,956448,5733.0,811093.0,1.0,5316.0,49500.0
2022-06-14,San Diego,County,3370418.0,1711.0,814415.0,0.0,5357.0,14665.0,11851682,1779.0,958227,0.0,811093.0,0.0,5316.0,
2022-06-15,San Diego,County,3370418.0,1713.0,816128.0,0.0,5357.0,13623.0,11865305,1719.0,959946,0.0,811093.0,0.0,5316.0,
2022-06-16,San Diego,County,3370418.0,1556.0,817684.0,0.0,5357.0,12896.0,11878201,1593.0,961539,4031.0,815124.0,2.0,5318.0,35694.0
2022-06-17,San Diego,County,3370418.0,1525.0,819209.0,2.0,5359.0,11163.0,11889364,1618.0,963157,0.0,815124.0,0.0,5318.0,
2022-06-18,San Diego,County,3370418.0,964.0,820173.0,2.0,5361.0,6657.0,11896021,1086.0,964243,0.0,815124.0,0.0,5318.0,
2022-06-19,San Diego,County,3370418.0,717.0,820890.0,0.0,5361.0,5325.0,11901346,796.0,965039,0.0,815124.0,0.0,5318.0,
2022-06-20,San Diego,County,3370418.0,1530.0,822420.0,2.0,5363.0,12954.0,11914300,1709.0,966748,0.0,815124.0,0.0,5318.0,44094.0
2022-06-21,San Diego,County,3370418.0,1988.0,824408.0,2.0,5365.0,16100.0,11930400,2073.0,968821,0.0,815124.0,0.0,5318.0,
2022-06-22,San Diego,County,3370418.0,1674.0,826082.0,1.0,5366.0,13164.0,11943564,1752.0,970573,0.0,815124.0,0.0,5318.0,
2022-06-23,San Diego,County,3370418.0,1605.0,827687.0,0.0,5366.0,12588.0,11956152,1740.0,972313,7724.0,822848.0,14.0,5332.0,33305.0
2022-06-24,San Diego,County,3370418.0,1464.0,829151.0,1.0,5367.0,10940.0,11967092,1591.0,973904,0.0,822848.0,0.0,5332.0,
2022-06-25,San Diego,County,3370418.0,1033.0,830184.0,0.0,5367.0,6378.0,11973470,1135.0,975039,0.0,822848.0,0.0,5332.0,
2022-06-26,San Diego,County,3370418.0,901.0,831085.0,2.0,5369.0,5493.0,11978963,1015.0,976054,0.0,822848.0,0.0,5332.0,
2022-06-27,San Diego,County,3370418.0,2183.0,833268.0,0.0,5369.0,15793.0,11994756,2302.0,978356,6059.0,828907.0,4.0,5336.0,45378.0
2022-06-28,San Diego,County,3370418.0,1921.0,835189.0,2.0,5371.0,14145.0,12008901,2109.0,980465,0.0,828907.0,0.0,5336.0,
2022-06-29,San Diego,County,3370418.0,1848.0,837037.0,1.0,5372.0,12640.0,12021541,1996.0,982461,0.0,828907.0,0.0,5336.0,
2022-06-30,San Diego,County,3370418.0,1712.0,838749.0,2.0,5374.0,12176.0,12033717,1879.0,984340,5209.0,834116.0,5.0,5341.0,34587.0
2022-07-01,San Diego,County,3370418.0,1517.0,840266.0,1.0,5375.0,10384.0,12044101,1711.0,986051,0.0,834116.0,0.0,5341.0,
2022-07-02,San Diego,County,3370418.0,1025.0,841291.0,1.0,5376.0,6163.0,12050264,1166.0,987217,0.0,834116.0,0.0,5341.0,
2022-07-03,San Diego,County,3370418.0,800.0,842091.0,1.0,5377.0,4780.0,12055044,946.0,988163,0.0,834116.0,0.0,5341.0,
2022-07-04,San Diego,County,3370418.0,714.0,842805.0,0.0,5377.0,4921.0,12059965,838.0,989001,5854.0,839970.0,8.0,5349.0,42409.0
2022-07-05,San Diego,County,3370418.0,2615.0,845420.0,0.0,5377.0,17879.0,12077844,2848.0,991849,0.0,839970.0,0.0,5349.0,
2022-07-06,San Diego,County,3370418.0,2334.0,847754.0,0.0,5377.0,14875.0,12092719,2485.0,994334,0.0,839970.0,0.0,5349.0,
2022-07-07,San Diego,County,3370418.0,2121.0,849875.0,2.0,5379.0,13156.0,12105875,2246.0,996580,4115.0,844085.0,8.0,5357.0,25680.0
2022-07-08,San Diego,County,3370418.0,1908.0,851783.0,1.0,5380.0,11616.0,12117491,2118.0,998698,0.0,844085.0,0.0,5357.0,
2022-07-09,San Diego,County,3370418.0,1240.0,853023.0,0.0,5380.0,6586.0,12124077,1427.0,1000125,0.0,844085.0,0.0,5357.0,
2022-07-10,San Diego,County,3370418.0,880.0,853903.0,0.0,5380.0,5168.0,12129245,1059.0,1001184,0.0,844085.0,0.0,5357.0,
2022-07-11,San Diego,County,3370418.0,2465.0,856368.0,0.0,5380.0,15772.0,12145017,2638.0,1003822,7511.0,851596.0,6.0,5363.0,47775.0
2022-07-12,San Diego,County,3370418.0,2333.0,858701.0,1.0,5381.0,15362.0,12160379,2649.0,1006471,0.0,851596.0,0.0,5363.0,
2022-07-13,San Diego,County,3370418.0,2274.0,860975.0,1.0,5382.0,13200.0,12173579,2482.0,1008953,0.0,851596.0,0.0,5363.0,
2022-07-14,San Diego,County,3370418.0,1870.0,862845.0,0.0,5382.0,12227.0,12185806,2106.0,1011059,5666.0,857262.0,7.0,5370.0,35936.0
2022-07-15,San Diego,County,3370418.0,1859.0,864704.0,0.0,5382.0,11700.0,12197506,2134.0,1013193,0.0,857262.0,0.0,5370.0,
2022-07-16,San Diego,County,3370418.0,1242.0,865946.0,2.0,5384.0,6623.0,12204129,1516.0,1014709,0.0,857262.0,0.0,5370.0,
2022-07-17,San Diego,County,3370418.0,882.0,866828.0,0.0,5384.0,5080.0,12209209,1066.0,1015775,0.0,857262.0,0.0,5370.0,
2022-07-18,San Diego,County,3370418.0,2321.0,869149.0,2.0,5386.0,14766.0,12223975,2262.0,1018037,7172.0,864434.0,5.0,5375.0,41989.0
2022-07-19,San Diego,County,3370418.0,2126.0,871275.0,0.0,5386.0,14224.0,12238199,2089.0,1020126,0.0,864434.0,0.0,5375.0,
2022-07-20,San Diego,County,3370418.0,1855.0,873130.0,0.0,5386.0,11691.0,12249890,1872.0,1021998,0.0,864434.0,0.0,5375.0,
2022-07-21,San Diego,County,3370418.0,1422.0,874552.0,0.0,5386.0,9867.0,12259757,1478.0,1023476,5668.0,870102.0,5.0,5380.0,33375.0
2022-07-22,San Diego,County,3370418.0,1175.0,875727.0,0.0,5386.0,7529.0,12267286,1208.0,1024684,0.0,870102.0,0.0,5380.0,
2022-07-23,San Diego,County,3370418.0,508.0,876235.0,0.0,5386.0,2905.0,12270191,503.0,1025187,0.0,870102.0,0.0,5380.0,
2022-07-24,San Diego,County,3370418.0,272.0,876507.0,0.0,5386.0,818.0,12271009,109.0,1025296,0.0,870102.0,0.0,5380.0,
2022-07-25,San Diego,County,3370418.0,0.0,876507.0,0.0,5386.0,,12271009,,1025296,6405.0,876507.0,6.0,5386.0,40780.0
